order_date,num_orders,day_of_week,month,is_weekend,lag_1,lag_7,rolling_7,is_friday,trend,week_of_year,weekend_trend
2023-06-21,7,2,6,0,9.0,4.0,7.714285714285714,0,0,25,0
2023-06-22,7,3,6,0,7.0,5.0,8.0,0,1,25,0
2023-06-23,16,4,6,0,7.0,6.0,9.428571428571429,1,2,25,0
2023-06-24,13,5,6,1,16.0,10.0,9.857142857142858,0,3,25,3
2023-06-25,7,6,6,1,13.0,11.0,9.285714285714286,0,4,25,4
2023-06-26,21,0,6,0,7.0,6.0,11.428571428571429,0,5,26,0
2023-06-27,22,1,6,0,21.0,9.0,13.285714285714286,0,6,26,0
2023-06-28,11,2,6,0,22.0,7.0,13.857142857142858,0,7,26,0
2023-06-29,6,3,6,0,11.0,7.0,13.714285714285714,0,8,26,0
2023-06-30,16,4,6,0,6.0,16.0,13.714285714285714,1,9,26,0
2023-07-01,7,5,7,1,16.0,13.0,12.857142857142858,0,10,26,10
2023-07-02,12,6,7,1,7.0,7.0,13.571428571428571,0,11,26,11
2023-07-03,3,0,7,0,12.0,21.0,11.0,0,12,27,0
2023-07-04,5,1,7,0,3.0,22.0,8.571428571428571,0,13,27,0
2023-07-05,12,2,7,0,5.0,11.0,8.714285714285714,0,14,27,0
2023-07-06,16,3,7,0,12.0,6.0,10.142857142857142,0,15,27,0
2023-07-07,15,4,7,0,16.0,16.0,10.0,1,16,27,0
2023-07-08,11,5,7,1,15.0,7.0,10.571428571428571,0,17,27,17
2023-07-09,5,6,7,1,11.0,12.0,9.571428571428571,0,18,27,18
2023-07-10,6,0,7,0,5.0,3.0,10.0,0,19,28,0
2023-07-11,8,1,7,0,6.0,5.0,10.428571428571429,0,20,28,0
2023-07-12,12,2,7,0,8.0,12.0,10.428571428571429,0,21,28,0
2023-07-13,7,3,7,0,12.0,16.0,9.142857142857142,0,22,28,0
2023-07-14,7,4,7,0,7.0,15.0,8.0,1,23,28,0
2023-07-15,9,5,7,1,7.0,11.0,7.714285714285714,0,24,28,24
2023-07-16,7,6,7,1,9.0,5.0,8.0,0,25,28,25
2023-07-17,6,0,7,0,7.0,6.0,8.0,0,26,29,0
2023-07-18,4,1,7,0,6.0,8.0,7.428571428571429,0,27,29,0
2023-07-19,21,2,7,0,4.0,12.0,8.714285714285714,0,28,29,0
2023-07-20,12,3,7,0,21.0,7.0,9.428571428571429,0,29,29,0
2023-07-21,12,4,7,0,12.0,7.0,10.142857142857142,1,30,29,0
2023-07-22,4,5,7,1,12.0,9.0,9.428571428571429,0,31,29,31
2023-07-23,9,6,7,1,4.0,7.0,9.714285714285714,0,32,29,32
2023-07-24,12,0,7,0,9.0,6.0,10.571428571428571,0,33,30,0
2023-07-25,13,1,7,0,12.0,4.0,11.857142857142858,0,34,30,0
2023-07-26,6,2,7,0,13.0,21.0,9.714285714285714,0,35,30,0
2023-07-27,7,3,7,0,6.0,12.0,9.0,0,36,30,0
2023-07-28,8,4,7,0,7.0,12.0,8.428571428571429,1,37,30,0
2023-07-29,7,5,7,1,8.0,4.0,8.857142857142858,0,38,30,38
2023-07-30,5,6,7,1,7.0,9.0,8.285714285714286,0,39,30,39
2023-07-31,8,0,7,0,5.0,12.0,7.714285714285714,0,40,31,0
2023-08-01,9,1,8,0,8.0,13.0,7.142857142857143,0,41,31,0
2023-08-02,8,2,8,0,9.0,6.0,7.428571428571429,0,42,31,0
2023-08-03,6,3,8,0,8.0,7.0,7.285714285714286,0,43,31,0
2023-08-05,3,5,8,1,6.0,8.0,6.571428571428571,0,44,31,44
2023-08-06,6,6,8,1,3.0,7.0,6.428571428571429,0,45,31,45
2023-08-07,6,0,8,0,6.0,5.0,6.571428571428571,0,46,32,0
2023-08-08,10,1,8,0,6.0,8.0,6.857142857142857,0,47,32,0
2023-08-09,11,2,8,0,10.0,9.0,7.142857142857143,0,48,32,0
2023-08-10,9,3,8,0,11.0,8.0,7.285714285714286,0,49,32,0
2023-08-14,14,0,8,0,9.0,6.0,8.428571428571429,0,50,33,0
2023-08-15,9,1,8,0,14.0,3.0,9.285714285714286,0,51,33,0
2023-08-16,9,2,8,0,9.0,6.0,9.714285714285714,0,52,33,0
2023-08-17,7,3,8,0,9.0,6.0,9.857142857142858,0,53,33,0
2023-08-18,5,4,8,0,7.0,10.0,9.142857142857142,1,54,33,0
2023-08-19,6,5,8,1,5.0,11.0,8.428571428571429,0,55,33,55
2023-08-20,4,6,8,1,6.0,9.0,7.714285714285714,0,56,33,56
2023-08-21,10,0,8,0,4.0,14.0,7.142857142857143,0,57,34,0
2023-08-22,5,1,8,0,10.0,9.0,6.571428571428571,0,58,34,0
2023-08-23,9,2,8,0,5.0,9.0,6.571428571428571,0,59,34,0
2023-08-24,5,3,8,0,9.0,7.0,6.285714285714286,0,60,34,0
2023-08-25,11,4,8,0,5.0,5.0,7.142857142857143,1,61,34,0
2023-08-26,8,5,8,1,11.0,6.0,7.428571428571429,0,62,34,62
2023-08-27,4,6,8,1,8.0,4.0,7.428571428571429,0,63,34,63
2023-08-28,7,0,8,0,4.0,10.0,7.0,0,64,35,0
2023-08-29,4,1,8,0,7.0,5.0,6.857142857142857,0,65,35,0
2023-08-30,7,2,8,0,4.0,9.0,6.571428571428571,0,66,35,0
2023-08-31,10,3,8,0,7.0,5.0,7.285714285714286,0,67,35,0
2023-09-01,8,4,9,0,10.0,11.0,6.857142857142857,1,68,35,0
2023-09-02,6,5,9,1,8.0,8.0,6.571428571428571,0,69,35,69
2023-09-03,9,6,9,1,6.0,4.0,7.285714285714286,0,70,35,70
2023-09-04,6,0,9,0,9.0,7.0,7.142857142857143,0,71,36,0
2023-09-05,5,1,9,0,6.0,4.0,7.285714285714286,0,72,36,0
2023-09-06,9,2,9,0,5.0,7.0,7.571428571428571,0,73,36,0
2023-09-07,7,3,9,0,9.0,10.0,7.142857142857143,0,74,36,0
2023-09-08,13,4,9,0,7.0,8.0,7.857142857142857,1,75,36,0
2023-09-09,4,5,9,1,13.0,6.0,7.571428571428571,0,76,36,76
2023-09-10,8,6,9,1,4.0,9.0,7.428571428571429,0,77,36,77
2023-09-11,9,0,9,0,8.0,6.0,7.857142857142857,0,78,37,0
2023-09-12,5,1,9,0,9.0,5.0,7.857142857142857,0,79,37,0
2023-09-14,18,3,9,0,5.0,9.0,9.142857142857142,0,80,37,0
2023-09-15,4,4,9,0,18.0,7.0,8.714285714285714,1,81,37,0
2023-09-16,4,5,9,1,4.0,13.0,7.428571428571429,0,82,37,82
2023-09-17,4,6,9,1,4.0,4.0,7.428571428571429,0,83,37,83
2023-09-18,3,0,9,0,4.0,8.0,6.714285714285714,0,84,38,0
2023-09-19,8,1,9,0,3.0,9.0,6.571428571428571,0,85,38,0
2023-09-20,6,2,9,0,8.0,5.0,6.714285714285714,0,86,38,0
2023-09-21,5,3,9,0,6.0,18.0,4.857142857142857,0,87,38,0
2023-09-22,5,4,9,0,5.0,4.0,5.0,1,88,38,0
2023-09-23,4,5,9,1,5.0,4.0,5.0,0,89,38,89
2023-09-24,4,6,9,1,4.0,4.0,5.0,0,90,38,90
2023-09-25,3,0,9,0,4.0,3.0,5.0,0,91,39,0
2023-09-26,8,1,9,0,3.0,8.0,5.0,0,92,39,0
2023-09-27,3,2,9,0,8.0,6.0,4.571428571428571,0,93,39,0
2023-09-28,4,3,9,0,3.0,5.0,4.428571428571429,0,94,39,0
2023-09-29,9,4,9,0,4.0,5.0,5.0,1,95,39,0
2023-09-30,3,5,9,1,9.0,4.0,4.857142857142857,0,96,39,96
2023-10-01,4,6,10,1,3.0,4.0,4.857142857142857,0,97,39,97
2023-10-02,6,0,10,0,4.0,3.0,5.285714285714286,0,98,40,0
2023-10-03,3,1,10,0,6.0,8.0,4.571428571428571,0,99,40,0
2023-10-04,9,2,10,0,3.0,3.0,5.428571428571429,0,100,40,0
2023-10-05,11,3,10,0,9.0,4.0,6.428571428571429,0,101,40,0
2023-10-06,12,4,10,0,11.0,9.0,6.857142857142857,1,102,40,0
2023-10-07,13,5,10,1,12.0,3.0,8.285714285714286,0,103,40,103
2023-10-08,4,6,10,1,13.0,4.0,8.285714285714286,0,104,40,104
2023-10-09,10,0,10,0,4.0,6.0,8.857142857142858,0,105,41,0
2023-10-10,7,1,10,0,10.0,3.0,9.428571428571429,0,106,41,0
2023-10-11,9,2,10,0,7.0,9.0,9.428571428571429,0,107,41,0
2023-10-12,8,3,10,0,9.0,11.0,9.0,0,108,41,0
2023-10-13,8,4,10,0,8.0,12.0,8.428571428571429,1,109,41,0
2023-10-14,5,5,10,1,8.0,13.0,7.285714285714286,0,110,41,110
2023-10-15,4,6,10,1,5.0,4.0,7.285714285714286,0,111,41,111
2023-10-16,3,0,10,0,4.0,10.0,6.285714285714286,0,112,42,0
2023-10-17,4,1,10,0,3.0,7.0,5.857142857142857,0,113,42,0
2023-10-18,3,2,10,0,4.0,9.0,5.0,0,114,42,0
2023-10-19,1,3,10,0,3.0,8.0,4.0,0,115,42,0
2023-10-20,7,4,10,0,1.0,8.0,3.857142857142857,1,116,42,0
2023-10-21,4,5,10,1,7.0,5.0,3.7142857142857144,0,117,42,117
2023-10-22,4,6,10,1,4.0,4.0,3.7142857142857144,0,118,42,118
2023-10-23,3,0,10,0,4.0,3.0,3.7142857142857144,0,119,43,0
2023-10-24,5,1,10,0,3.0,4.0,3.857142857142857,0,120,43,0
2023-10-25,6,2,10,0,5.0,3.0,4.285714285714286,0,121,43,0
2023-10-26,3,3,10,0,6.0,1.0,4.571428571428571,0,122,43,0
2023-10-27,5,4,10,0,3.0,7.0,4.285714285714286,1,123,43,0
2023-10-28,12,5,10,1,5.0,4.0,5.428571428571429,0,124,43,124
2023-10-29,5,6,10,1,12.0,4.0,5.571428571428571,0,125,43,125
2023-10-30,6,0,10,0,5.0,3.0,6.0,0,126,44,0
2023-10-31,11,1,10,0,6.0,5.0,6.857142857142857,0,127,44,0
2023-11-01,5,2,11,0,11.0,6.0,6.714285714285714,0,128,44,0
2023-11-02,4,3,11,0,5.0,3.0,6.857142857142857,0,129,44,0
2023-11-03,3,4,11,0,4.0,5.0,6.571428571428571,1,130,44,0
2023-11-04,3,5,11,1,3.0,12.0,5.285714285714286,0,131,44,131
2023-11-05,1,6,11,1,3.0,5.0,4.714285714285714,0,132,44,132
2023-11-06,4,0,11,0,1.0,6.0,4.428571428571429,0,133,45,0
2023-11-07,3,1,11,0,4.0,11.0,3.2857142857142856,0,134,45,0
2023-11-08,9,2,11,0,3.0,5.0,3.857142857142857,0,135,45,0
2023-11-09,4,3,11,0,9.0,4.0,3.857142857142857,0,136,45,0
2023-11-10,10,4,11,0,4.0,3.0,4.857142857142857,1,137,45,0
2023-11-11,6,5,11,1,10.0,3.0,5.285714285714286,0,138,45,138
2023-11-12,1,6,11,1,6.0,1.0,5.285714285714286,0,139,45,139
2023-11-13,11,0,11,0,1.0,4.0,6.285714285714286,0,140,46,0
2023-11-14,6,1,11,0,11.0,3.0,6.714285714285714,0,141,46,0
2023-11-15,11,2,11,0,6.0,9.0,7.0,0,142,46,0
2023-11-16,6,3,11,0,11.0,4.0,7.285714285714286,0,143,46,0
2023-11-17,7,4,11,0,6.0,10.0,6.857142857142857,1,144,46,0
2023-11-18,7,5,11,1,7.0,6.0,7.0,0,145,46,145
2023-11-19,6,6,11,1,7.0,1.0,7.714285714285714,0,146,46,146
2023-11-20,2,0,11,0,6.0,11.0,6.428571428571429,0,147,47,0
2023-11-21,1,1,11,0,2.0,6.0,5.714285714285714,0,148,47,0
2023-11-22,3,2,11,0,1.0,11.0,4.571428571428571,0,149,47,0
2023-11-23,4,3,11,0,3.0,6.0,4.285714285714286,0,150,47,0
2023-11-24,7,4,11,0,4.0,7.0,4.285714285714286,1,151,47,0
2023-11-25,2,5,11,1,7.0,7.0,3.5714285714285716,0,152,47,152
2023-11-26,1,6,11,1,2.0,6.0,2.857142857142857,0,153,47,153
2023-11-27,3,0,11,0,1.0,2.0,3.0,0,154,48,0
2023-11-28,2,1,11,0,3.0,1.0,3.142857142857143,0,155,48,0
2023-11-29,6,2,11,0,2.0,3.0,3.5714285714285716,0,156,48,0
2023-11-30,8,3,11,0,6.0,4.0,4.142857142857143,0,157,48,0
2023-12-01,7,4,12,0,8.0,7.0,4.142857142857143,1,158,48,0
2023-12-02,9,5,12,1,7.0,2.0,5.142857142857143,0,159,48,159
2023-12-03,2,6,12,1,9.0,1.0,5.285714285714286,0,160,48,160
2023-12-04,8,0,12,0,2.0,3.0,6.0,0,161,49,0
2023-12-05,5,1,12,0,8.0,2.0,6.428571428571429,0,162,49,0
2023-12-06,5,2,12,0,5.0,6.0,6.285714285714286,0,163,49,0
2023-12-07,3,3,12,0,5.0,8.0,5.571428571428571,0,164,49,0
2023-12-08,4,4,12,0,3.0,7.0,5.142857142857143,1,165,49,0
2023-12-09,8,5,12,1,4.0,9.0,5.0,0,166,49,166
2023-12-10,3,6,12,1,8.0,2.0,5.142857142857143,0,167,49,167
2023-12-11,7,0,12,0,3.0,8.0,5.0,0,168,50,0
2023-12-12,8,1,12,0,7.0,5.0,5.428571428571429,0,169,50,0
2023-12-13,4,2,12,0,8.0,5.0,5.285714285714286,0,170,50,0
2023-12-14,11,3,12,0,4.0,3.0,6.428571428571429,0,171,50,0
2023-12-15,5,4,12,0,11.0,4.0,6.571428571428571,1,172,50,0
2023-12-16,6,5,12,1,5.0,8.0,6.285714285714286,0,173,50,173
2023-12-17,5,6,12,1,6.0,3.0,6.571428571428571,0,174,50,174
2023-12-18,4,0,12,0,5.0,7.0,6.142857142857143,0,175,51,0
2023-12-19,6,1,12,0,4.0,8.0,5.857142857142857,0,176,51,0
2023-12-20,3,2,12,0,6.0,4.0,5.714285714285714,0,177,51,0
2023-12-21,9,3,12,0,3.0,11.0,5.428571428571429,0,178,51,0
2023-12-22,4,4,12,0,9.0,5.0,5.285714285714286,1,179,51,0
2023-12-23,5,5,12,1,4.0,6.0,5.142857142857143,0,180,51,180
2023-12-24,1,6,12,1,5.0,5.0,4.571428571428571,0,181,51,181
2023-12-26,16,1,12,0,1.0,4.0,6.285714285714286,0,182,52,0
2023-12-27,9,2,12,0,16.0,6.0,6.714285714285714,0,183,52,0
2023-12-28,19,3,12,0,9.0,3.0,9.0,0,184,52,0
2023-12-29,4,4,12,0,19.0,9.0,8.285714285714286,1,185,52,0
2023-12-30,9,5,12,1,4.0,4.0,9.0,0,186,52,186
2024-01-02,21,1,1,0,9.0,5.0,11.285714285714286,0,187,1,0
2024-01-03,25,2,1,0,21.0,1.0,14.714285714285714,0,188,1,0
2024-01-04,26,3,1,0,25.0,16.0,16.142857142857142,0,189,1,0
2024-01-05,30,4,1,0,26.0,9.0,19.142857142857142,1,190,1,0
2024-01-06,23,5,1,1,30.0,19.0,19.714285714285715,0,191,1,191
2024-01-07,12,6,1,1,23.0,4.0,20.857142857142858,0,192,1,192
2024-01-08,17,0,1,0,12.0,9.0,22.0,0,193,2,0
2024-01-09,20,1,1,0,17.0,21.0,21.857142857142858,0,194,2,0
2024-01-10,15,2,1,0,20.0,25.0,20.428571428571427,0,195,2,0
2024-01-11,25,3,1,0,15.0,26.0,20.285714285714285,0,196,2,0
2024-01-12,16,4,1,0,25.0,30.0,18.285714285714285,1,197,2,0
2024-01-13,13,5,1,1,16.0,23.0,16.857142857142858,0,198,2,198
2024-01-14,17,6,1,1,13.0,12.0,17.571428571428573,0,199,2,199
2024-01-15,40,0,1,0,17.0,17.0,20.857142857142858,0,200,3,0
2024-01-16,54,1,1,0,40.0,20.0,25.714285714285715,0,201,3,0
2024-01-17,50,2,1,0,54.0,15.0,30.714285714285715,0,202,3,0
2024-01-18,37,3,1,0,50.0,25.0,32.42857142857143,0,203,3,0
2024-01-19,40,4,1,0,37.0,16.0,35.857142857142854,1,204,3,0
2024-01-20,33,5,1,1,40.0,13.0,38.714285714285715,0,205,3,205
2024-01-21,9,6,1,1,33.0,17.0,37.57142857142857,0,206,3,206
2024-01-22,37,0,1,0,9.0,40.0,37.142857142857146,0,207,4,0
2024-01-23,27,1,1,0,37.0,54.0,33.285714285714285,0,208,4,0
2024-01-24,25,2,1,0,27.0,50.0,29.714285714285715,0,209,4,0
2024-01-25,26,3,1,0,25.0,37.0,28.142857142857142,0,210,4,0
2024-01-26,41,4,1,0,26.0,40.0,28.285714285714285,1,211,4,0
2024-01-27,22,5,1,1,41.0,33.0,26.714285714285715,0,212,4,212
2024-01-28,23,6,1,1,22.0,9.0,28.714285714285715,0,213,4,213
2024-01-29,12,0,1,0,23.0,37.0,25.142857142857142,0,214,5,0
2024-01-30,25,1,1,0,12.0,27.0,24.857142857142858,0,215,5,0
2024-01-31,24,2,1,0,25.0,25.0,24.714285714285715,0,216,5,0
2024-02-01,43,3,2,0,24.0,26.0,27.142857142857142,0,217,5,0
2024-02-02,35,4,2,0,43.0,41.0,26.285714285714285,1,218,5,0
2024-02-03,25,5,2,1,35.0,22.0,26.714285714285715,0,219,5,219
2024-02-04,25,6,2,1,25.0,23.0,27.0,0,220,5,220
2024-02-05,29,0,2,0,25.0,12.0,29.428571428571427,0,221,6,0
2024-02-06,37,1,2,0,29.0,25.0,31.142857142857142,0,222,6,0
2024-02-07,34,2,2,0,37.0,24.0,32.57142857142857,0,223,6,0
2024-02-08,28,3,2,0,34.0,43.0,30.428571428571427,0,224,6,0
2024-02-09,32,4,2,0,28.0,35.0,30.0,1,225,6,0
2024-02-10,21,5,2,1,32.0,25.0,29.428571428571427,0,226,6,226
2024-02-11,17,6,2,1,21.0,25.0,28.285714285714285,0,227,6,227
2024-02-12,13,0,2,0,17.0,29.0,26.0,0,228,7,0
2024-02-13,10,1,2,0,13.0,37.0,22.142857142857142,0,229,7,0
2024-02-14,13,2,2,0,10.0,34.0,19.142857142857142,0,230,7,0
2024-02-15,16,3,2,0,13.0,28.0,17.428571428571427,0,231,7,0
2024-02-16,20,4,2,0,16.0,32.0,15.714285714285714,1,232,7,0
2024-02-17,21,5,2,1,20.0,21.0,15.714285714285714,0,233,7,233
2024-02-18,13,6,2,1,21.0,17.0,15.142857142857142,0,234,7,234
2024-02-19,19,0,2,0,13.0,13.0,16.0,0,235,8,0
2024-02-20,10,1,2,0,19.0,10.0,16.0,0,236,8,0
2024-02-21,15,2,2,0,10.0,13.0,16.285714285714285,0,237,8,0
2024-02-22,22,3,2,0,15.0,16.0,17.142857142857142,0,238,8,0
2024-02-23,23,4,2,0,22.0,20.0,17.571428571428573,1,239,8,0
2024-02-24,24,5,2,1,23.0,21.0,18.0,0,240,8,240
2024-02-25,11,6,2,1,24.0,13.0,17.714285714285715,0,241,8,241
2024-02-26,22,0,2,0,11.0,19.0,18.142857142857142,0,242,9,0
2024-02-27,18,1,2,0,22.0,10.0,19.285714285714285,0,243,9,0
2024-02-28,25,2,2,0,18.0,15.0,20.714285714285715,0,244,9,0
2024-02-29,28,3,2,0,25.0,22.0,21.571428571428573,0,245,9,0
2024-03-01,27,4,3,0,28.0,23.0,22.142857142857142,1,246,9,0
2024-03-02,14,5,3,1,27.0,24.0,20.714285714285715,0,247,9,247
2024-03-03,21,6,3,1,14.0,11.0,22.142857142857142,0,248,9,248
2024-03-04,8,0,3,0,21.0,22.0,20.142857142857142,0,249,10,0
2024-03-05,27,1,3,0,8.0,18.0,21.428571428571427,0,250,10,0
2024-03-06,10,2,3,0,27.0,25.0,19.285714285714285,0,251,10,0
2024-03-07,24,3,3,0,10.0,28.0,18.714285714285715,0,252,10,0
2024-03-08,24,4,3,0,24.0,27.0,18.285714285714285,1,253,10,0
2024-03-09,17,5,3,1,24.0,14.0,18.714285714285715,0,254,10,254
2024-03-10,17,6,3,1,17.0,21.0,18.142857142857142,0,255,10,255
2024-03-11,18,0,3,0,17.0,8.0,19.571428571428573,0,256,11,0
2024-03-12,12,1,3,0,18.0,27.0,17.428571428571427,0,257,11,0
2024-03-13,15,2,3,0,12.0,10.0,18.142857142857142,0,258,11,0
2024-03-14,21,3,3,0,15.0,24.0,17.714285714285715,0,259,11,0
2024-03-15,17,4,3,0,21.0,24.0,16.714285714285715,1,260,11,0
2024-03-16,23,5,3,1,17.0,17.0,17.571428571428573,0,261,11,261
2024-03-17,18,6,3,1,23.0,17.0,17.714285714285715,0,262,11,262
2024-03-18,25,0,3,0,18.0,18.0,18.714285714285715,0,263,12,0
2024-03-19,16,1,3,0,25.0,12.0,19.285714285714285,0,264,12,0
2024-03-20,24,2,3,0,16.0,15.0,20.571428571428573,0,265,12,0
2024-03-21,19,3,3,0,24.0,21.0,20.285714285714285,0,266,12,0
2024-03-22,29,4,3,0,19.0,17.0,22.0,1,267,12,0
2024-03-23,28,5,3,1,29.0,23.0,22.714285714285715,0,268,12,268
2024-03-24,10,6,3,1,28.0,18.0,21.571428571428573,0,269,12,269
2024-03-25,12,0,3,0,10.0,25.0,19.714285714285715,0,270,13,0
2024-03-26,16,1,3,0,12.0,16.0,19.714285714285715,0,271,13,0
2024-03-27,19,2,3,0,16.0,24.0,19.0,0,272,13,0
2024-03-28,17,3,3,0,19.0,19.0,18.714285714285715,0,273,13,0
2024-03-29,23,4,3,0,17.0,29.0,17.857142857142858,1,274,13,0
2024-03-30,19,5,3,1,23.0,28.0,16.571428571428573,0,275,13,275
2024-03-31,18,6,3,1,19.0,10.0,17.714285714285715,0,276,13,276
2024-04-01,10,0,4,0,18.0,12.0,17.428571428571427,0,277,14,0
2024-04-02,25,1,4,0,10.0,16.0,18.714285714285715,0,278,14,0
2024-04-03,16,2,4,0,25.0,19.0,18.285714285714285,0,279,14,0
2024-04-04,20,3,4,0,16.0,17.0,18.714285714285715,0,280,14,0
2024-04-05,30,4,4,0,20.0,23.0,19.714285714285715,1,281,14,0
2024-04-06,36,5,4,1,30.0,19.0,22.142857142857142,0,282,14,282
2024-04-07,24,6,4,1,36.0,18.0,23.0,0,283,14,283
2024-04-08,23,0,4,0,24.0,10.0,24.857142857142858,0,284,15,0
2024-04-09,23,1,4,0,23.0,25.0,24.571428571428573,0,285,15,0
2024-04-10,26,2,4,0,23.0,16.0,26.0,0,286,15,0
2024-04-11,26,3,4,0,26.0,20.0,26.857142857142858,0,287,15,0
2024-04-12,33,4,4,0,26.0,30.0,27.285714285714285,1,288,15,0
2024-04-13,32,5,4,1,33.0,36.0,26.714285714285715,0,289,15,289
2024-04-14,13,6,4,1,32.0,24.0,25.142857142857142,0,290,15,290
2024-04-15,62,0,4,0,13.0,23.0,30.714285714285715,0,291,16,0
2024-04-16,52,1,4,0,62.0,23.0,34.857142857142854,0,292,16,0
2024-04-17,55,2,4,0,52.0,26.0,39.0,0,293,16,0
2024-04-18,56,3,4,0,55.0,26.0,43.285714285714285,0,294,16,0
2024-04-19,81,4,4,0,56.0,33.0,50.142857142857146,1,295,16,0
2024-04-20,20,5,4,1,81.0,32.0,48.42857142857143,0,296,16,296
2024-04-21,15,6,4,1,20.0,13.0,48.714285714285715,0,297,16,297
2024-04-22,35,0,4,0,15.0,62.0,44.857142857142854,0,298,17,0
2024-04-23,37,1,4,0,35.0,52.0,42.714285714285715,0,299,17,0
2024-04-24,35,2,4,0,37.0,55.0,39.857142857142854,0,300,17,0
2024-04-25,41,3,4,0,35.0,56.0,37.714285714285715,0,301,17,0
2024-04-26,47,4,4,0,41.0,81.0,32.857142857142854,1,302,17,0
2024-04-27,19,5,4,1,47.0,20.0,32.714285714285715,0,303,17,303
2024-04-28,25,6,4,1,19.0,15.0,34.142857142857146,0,304,17,304
2024-04-29,69,0,4,0,25.0,35.0,39.0,0,305,18,0
2024-04-30,71,1,4,0,69.0,37.0,43.857142857142854,0,306,18,0
2024-05-01,91,2,5,0,71.0,35.0,51.857142857142854,0,307,18,0
2024-05-02,79,3,5,0,91.0,41.0,57.285714285714285,0,308,18,0
2024-05-03,75,4,5,0,79.0,47.0,61.285714285714285,1,309,18,0
2024-05-04,47,5,5,1,75.0,19.0,65.28571428571429,0,310,18,310
2024-05-05,36,6,5,1,47.0,25.0,66.85714285714286,0,311,18,311
2024-05-06,50,0,5,0,36.0,69.0,64.14285714285714,0,312,19,0
2024-05-07,44,1,5,0,50.0,71.0,60.285714285714285,0,313,19,0
2024-05-08,44,2,5,0,44.0,91.0,53.57142857142857,0,314,19,0
2024-05-09,49,3,5,0,44.0,79.0,49.285714285714285,0,315,19,0
2024-05-10,57,4,5,0,49.0,75.0,46.714285714285715,1,316,19,0
2024-05-11,36,5,5,1,57.0,47.0,45.142857142857146,0,317,19,317
2024-05-12,29,6,5,1,36.0,36.0,44.142857142857146,0,318,19,318
2024-05-13,27,0,5,0,29.0,50.0,40.857142857142854,0,319,20,0
2024-05-14,41,1,5,0,27.0,44.0,40.42857142857143,0,320,20,0
2024-05-15,39,2,5,0,41.0,44.0,39.714285714285715,0,321,20,0
2024-05-16,36,3,5,0,39.0,49.0,37.857142857142854,0,322,20,0
2024-05-17,48,4,5,0,36.0,57.0,36.57142857142857,1,323,20,0
2024-05-18,25,5,5,1,48.0,36.0,35.0,0,324,20,324
2024-05-19,12,6,5,1,25.0,29.0,32.57142857142857,0,325,20,325
2024-05-20,35,0,5,0,12.0,27.0,33.714285714285715,0,326,21,0
2024-05-21,17,1,5,0,35.0,41.0,30.285714285714285,0,327,21,0
2024-05-22,56,2,5,0,17.0,39.0,32.714285714285715,0,328,21,0
2024-05-23,46,3,5,0,56.0,36.0,34.142857142857146,0,329,21,0
2024-05-24,58,4,5,0,46.0,48.0,35.57142857142857,1,330,21,0
2024-05-25,36,5,5,1,58.0,25.0,37.142857142857146,0,331,21,331
2024-05-26,30,6,5,1,36.0,12.0,39.714285714285715,0,332,21,332
2024-05-27,26,0,5,0,30.0,35.0,38.42857142857143,0,333,22,0
2024-05-28,20,1,5,0,26.0,17.0,38.857142857142854,0,334,22,0
2024-05-29,39,2,5,0,20.0,56.0,36.42857142857143,0,335,22,0
2024-05-30,36,3,5,0,39.0,46.0,35.0,0,336,22,0
2024-05-31,43,4,5,0,36.0,58.0,32.857142857142854,1,337,22,0
2024-06-01,28,5,6,1,43.0,36.0,31.714285714285715,0,338,22,338
2024-06-02,18,6,6,1,28.0,30.0,30.0,0,339,22,339
2024-06-03,28,0,6,0,18.0,26.0,30.285714285714285,0,340,23,0
2024-06-04,29,1,6,0,28.0,20.0,31.571428571428573,0,341,23,0
2024-06-05,27,2,6,0,29.0,39.0,29.857142857142858,0,342,23,0
2024-06-06,32,3,6,0,27.0,36.0,29.285714285714285,0,343,23,0
2024-06-07,45,4,6,0,32.0,43.0,29.571428571428573,1,344,23,0
2024-06-08,18,5,6,1,45.0,28.0,28.142857142857142,0,345,23,345
2024-06-09,21,6,6,1,18.0,18.0,28.571428571428573,0,346,23,346
2024-06-10,23,0,6,0,21.0,28.0,27.857142857142858,0,347,24,0
2024-06-11,29,1,6,0,23.0,29.0,27.857142857142858,0,348,24,0
2024-06-12,29,2,6,0,29.0,27.0,28.142857142857142,0,349,24,0
2024-06-13,25,3,6,0,29.0,32.0,27.142857142857142,0,350,24,0
2024-06-14,37,4,6,0,25.0,45.0,26.0,1,351,24,0
2024-06-15,25,5,6,1,37.0,18.0,27.0,0,352,24,352
2024-06-16,19,6,6,1,25.0,21.0,26.714285714285715,0,353,24,353
2024-06-17,24,0,6,0,19.0,23.0,26.857142857142858,0,354,25,0
2024-06-18,24,1,6,0,24.0,29.0,26.142857142857142,0,355,25,0
2024-06-19,23,2,6,0,24.0,29.0,25.285714285714285,0,356,25,0
2024-06-20,27,3,6,0,23.0,25.0,25.571428571428573,0,357,25,0
2024-06-21,36,4,6,0,27.0,37.0,25.428571428571427,1,358,25,0
2024-06-22,34,5,6,1,36.0,25.0,26.714285714285715,0,359,25,359
2024-06-23,9,6,6,1,34.0,19.0,25.285714285714285,0,360,25,360
2024-06-24,27,0,6,0,9.0,24.0,25.714285714285715,0,361,26,0
2024-06-25,23,1,6,0,27.0,24.0,25.571428571428573,0,362,26,0
2024-06-26,23,2,6,0,23.0,23.0,25.571428571428573,0,363,26,0
2024-06-27,26,3,6,0,23.0,27.0,25.428571428571427,0,364,26,0
2024-06-28,30,4,6,0,26.0,36.0,24.571428571428573,1,365,26,0
2024-06-29,22,5,6,1,30.0,34.0,22.857142857142858,0,366,26,366
2024-06-30,17,6,6,1,22.0,9.0,24.0,0,367,26,367
2024-07-01,16,0,7,0,17.0,27.0,22.428571428571427,0,368,27,0
2024-07-02,25,1,7,0,16.0,23.0,22.714285714285715,0,369,27,0
2024-07-03,23,2,7,0,25.0,23.0,22.714285714285715,0,370,27,0
2024-07-04,23,3,7,0,23.0,26.0,22.285714285714285,0,371,27,0
2024-07-05,19,4,7,0,23.0,30.0,20.714285714285715,1,372,27,0
2024-07-06,23,5,7,1,19.0,22.0,20.857142857142858,0,373,27,373
2024-07-07,16,6,7,1,23.0,17.0,20.714285714285715,0,374,27,374
2024-07-08,33,0,7,0,16.0,16.0,23.142857142857142,0,375,28,0
2024-07-09,24,1,7,0,33.0,25.0,23.0,0,376,28,0
2024-07-10,25,2,7,0,24.0,23.0,23.285714285714285,0,377,28,0
2024-07-11,27,3,7,0,25.0,23.0,23.857142857142858,0,378,28,0
2024-07-12,34,4,7,0,27.0,19.0,26.0,1,379,28,0
2024-07-13,24,5,7,1,34.0,23.0,26.142857142857142,0,380,28,380
2024-07-14,12,6,7,1,24.0,16.0,25.571428571428573,0,381,28,381
2024-07-15,29,0,7,0,12.0,33.0,25.0,0,382,29,0
2024-07-16,20,1,7,0,29.0,24.0,24.428571428571427,0,383,29,0
2024-07-17,25,2,7,0,20.0,25.0,24.428571428571427,0,384,29,0
2024-07-18,32,3,7,0,25.0,27.0,25.142857142857142,0,385,29,0
2024-07-19,37,4,7,0,32.0,34.0,25.571428571428573,1,386,29,0
2024-07-20,27,5,7,1,37.0,24.0,26.0,0,387,29,387
2024-07-21,23,6,7,1,27.0,12.0,27.571428571428573,0,388,29,388
2024-07-22,33,0,7,0,23.0,29.0,28.142857142857142,0,389,30,0
2024-07-23,31,1,7,0,33.0,20.0,29.714285714285715,0,390,30,0
2024-07-24,32,2,7,0,31.0,25.0,30.714285714285715,0,391,30,0
2024-07-25,34,3,7,0,32.0,32.0,31.0,0,392,30,0
2024-07-26,28,4,7,0,34.0,37.0,29.714285714285715,1,393,30,0
2024-07-27,20,5,7,1,28.0,27.0,28.714285714285715,0,394,30,394
2024-07-28,11,6,7,1,20.0,23.0,27.0,0,395,30,395
2024-07-29,42,0,7,0,11.0,33.0,28.285714285714285,0,396,31,0
2024-07-30,51,1,7,0,42.0,31.0,31.142857142857142,0,397,31,0
2024-07-31,42,2,7,0,51.0,32.0,32.57142857142857,0,398,31,0
2024-08-01,28,3,8,0,42.0,34.0,31.714285714285715,0,399,31,0
2024-08-02,48,4,8,0,28.0,28.0,34.57142857142857,1,400,31,0
2024-08-03,25,5,8,1,48.0,20.0,35.285714285714285,0,401,31,401
2024-08-04,23,6,8,1,25.0,11.0,37.0,0,402,31,402
2024-08-05,32,0,8,0,23.0,42.0,35.57142857142857,0,403,32,0
2024-08-06,35,1,8,0,32.0,51.0,33.285714285714285,0,404,32,0
2024-08-07,42,2,8,0,35.0,42.0,33.285714285714285,0,405,32,0
2024-08-08,33,3,8,0,42.0,28.0,34.0,0,406,32,0
2024-08-09,40,4,8,0,33.0,48.0,32.857142857142854,1,407,32,0
2024-08-10,14,5,8,1,40.0,25.0,31.285714285714285,0,408,32,408
2024-08-11,16,6,8,1,14.0,23.0,30.285714285714285,0,409,32,409
2024-08-12,29,0,8,0,16.0,32.0,29.857142857142858,0,410,33,0
2024-08-13,28,1,8,0,29.0,35.0,28.857142857142858,0,411,33,0
2024-08-14,24,2,8,0,28.0,42.0,26.285714285714285,0,412,33,0
2024-08-15,37,3,8,0,24.0,33.0,26.857142857142858,0,413,33,0
2024-08-16,29,4,8,0,37.0,40.0,25.285714285714285,1,414,33,0
2024-08-17,16,5,8,1,29.0,14.0,25.571428571428573,0,415,33,415
2024-08-18,16,6,8,1,16.0,16.0,25.571428571428573,0,416,33,416
2024-08-19,45,0,8,0,16.0,29.0,27.857142857142858,0,417,34,0
2024-08-20,58,1,8,0,45.0,28.0,32.142857142857146,0,418,34,0
2024-08-21,40,2,8,0,58.0,24.0,34.42857142857143,0,419,34,0
2024-08-22,24,3,8,0,40.0,37.0,32.57142857142857,0,420,34,0
2024-08-23,29,4,8,0,24.0,29.0,32.57142857142857,1,421,34,0
2024-08-24,13,5,8,1,29.0,16.0,32.142857142857146,0,422,34,422
2024-08-25,18,6,8,1,13.0,16.0,32.42857142857143,0,423,34,423
2024-08-26,25,0,8,0,18.0,45.0,29.571428571428573,0,424,35,0
2024-08-27,48,1,8,0,25.0,58.0,28.142857142857142,0,425,35,0
2024-08-28,17,2,8,0,48.0,40.0,24.857142857142858,0,426,35,0
2024-08-29,34,3,8,0,17.0,24.0,26.285714285714285,0,427,35,0
2024-08-30,26,4,8,0,34.0,29.0,25.857142857142858,1,428,35,0
2024-08-31,33,5,8,1,26.0,13.0,28.714285714285715,0,429,35,429
2024-09-01,15,6,9,1,33.0,18.0,28.285714285714285,0,430,35,430
2024-09-02,20,0,9,0,15.0,25.0,27.571428571428573,0,431,36,0
2024-09-03,35,1,9,0,20.0,48.0,25.714285714285715,0,432,36,0
2024-09-04,43,2,9,0,35.0,17.0,29.428571428571427,0,433,36,0
2024-09-05,30,3,9,0,43.0,34.0,28.857142857142858,0,434,36,0
2024-09-06,22,4,9,0,30.0,26.0,28.285714285714285,1,435,36,0
2024-09-07,25,5,9,1,22.0,33.0,27.142857142857142,0,436,36,436
2024-09-08,21,6,9,1,25.0,15.0,28.0,0,437,36,437
2024-09-09,30,0,9,0,21.0,20.0,29.428571428571427,0,438,37,0
2024-09-10,31,1,9,0,30.0,35.0,28.857142857142858,0,439,37,0
2024-09-11,18,2,9,0,31.0,43.0,25.285714285714285,0,440,37,0
2024-09-12,32,3,9,0,18.0,30.0,25.571428571428573,0,441,37,0
2024-09-13,26,4,9,0,32.0,22.0,26.142857142857142,1,442,37,0
2024-09-14,26,5,9,1,26.0,25.0,26.285714285714285,0,443,37,443
2024-09-15,13,6,9,1,26.0,21.0,25.142857142857142,0,444,37,444
2024-09-16,21,0,9,0,13.0,30.0,23.857142857142858,0,445,38,0
2024-09-17,29,1,9,0,21.0,31.0,23.571428571428573,0,446,38,0
2024-09-18,22,2,9,0,29.0,18.0,24.142857142857142,0,447,38,0
2024-09-19,22,3,9,0,22.0,32.0,22.714285714285715,0,448,38,0
2024-09-20,27,4,9,0,22.0,26.0,22.857142857142858,1,449,38,0
2024-09-21,27,5,9,1,27.0,26.0,23.0,0,450,38,450
2024-09-22,11,6,9,1,27.0,13.0,22.714285714285715,0,451,38,451
2024-09-23,24,0,9,0,11.0,21.0,23.142857142857142,0,452,39,0
2024-09-24,14,1,9,0,24.0,29.0,21.0,0,453,39,0
2024-09-25,21,2,9,0,14.0,22.0,20.857142857142858,0,454,39,0
2024-09-26,12,3,9,0,21.0,22.0,19.428571428571427,0,455,39,0
2024-09-27,16,4,9,0,12.0,27.0,17.857142857142858,1,456,39,0
2024-09-28,6,5,9,1,16.0,27.0,14.857142857142858,0,457,39,457
2024-09-29,5,6,9,1,6.0,11.0,14.0,0,458,39,458
2024-09-30,13,0,9,0,5.0,24.0,12.428571428571429,0,459,40,0
2024-10-01,24,1,10,0,13.0,14.0,13.857142857142858,0,460,40,0
2024-10-02,18,2,10,0,24.0,21.0,13.428571428571429,0,461,40,0
2024-10-03,17,3,10,0,18.0,12.0,14.142857142857142,0,462,40,0
2024-10-04,17,4,10,0,17.0,16.0,14.285714285714286,1,463,40,0
2024-10-05,10,5,10,1,17.0,6.0,14.857142857142858,0,464,40,464
2024-10-06,13,6,10,1,10.0,5.0,16.0,0,465,40,465
2024-10-07,10,0,10,0,13.0,13.0,15.571428571428571,0,466,41,0
2024-10-08,19,1,10,0,10.0,24.0,14.857142857142858,0,467,41,0
2024-10-09,15,2,10,0,19.0,18.0,14.428571428571429,0,468,41,0
2024-10-10,12,3,10,0,15.0,17.0,13.714285714285714,0,469,41,0
2024-10-11,16,4,10,0,12.0,17.0,13.571428571428571,1,470,41,0
2024-10-12,11,5,10,1,16.0,10.0,13.714285714285714,0,471,41,471
2024-10-13,6,6,10,1,11.0,13.0,12.714285714285714,0,472,41,472
2024-10-14,11,0,10,0,6.0,10.0,12.857142857142858,0,473,42,0
2024-10-15,13,1,10,0,11.0,19.0,12.0,0,474,42,0
2024-10-16,13,2,10,0,13.0,15.0,11.714285714285714,0,475,42,0
2024-10-17,11,3,10,0,13.0,12.0,11.571428571428571,0,476,42,0
2024-10-18,13,4,10,0,11.0,16.0,11.142857142857142,1,477,42,0
2024-10-19,9,5,10,1,13.0,11.0,10.857142857142858,0,478,42,478
2024-10-20,6,6,10,1,9.0,6.0,10.857142857142858,0,479,42,479
2024-10-21,17,0,10,0,6.0,11.0,11.714285714285714,0,480,43,0
2024-10-22,10,1,10,0,17.0,13.0,11.285714285714286,0,481,43,0
2024-10-23,13,2,10,0,10.0,13.0,11.285714285714286,0,482,43,0
2024-10-24,6,3,10,0,13.0,11.0,10.571428571428571,0,483,43,0
2024-10-25,11,4,10,0,6.0,13.0,10.285714285714286,1,484,43,0
2024-10-26,16,5,10,1,11.0,9.0,11.285714285714286,0,485,43,485
2024-10-27,4,6,10,1,16.0,6.0,11.0,0,486,43,486
2024-10-28,15,0,10,0,4.0,17.0,10.714285714285714,0,487,44,0
2024-10-29,18,1,10,0,15.0,10.0,11.857142857142858,0,488,44,0
2024-10-30,20,2,10,0,18.0,13.0,12.857142857142858,0,489,44,0
2024-10-31,11,3,10,0,20.0,6.0,13.571428571428571,0,490,44,0
2024-11-01,19,4,11,0,11.0,11.0,14.714285714285714,1,491,44,0
2024-11-02,15,5,11,1,19.0,16.0,14.571428571428571,0,492,44,492
2024-11-03,8,6,11,1,15.0,4.0,15.142857142857142,0,493,44,493
2024-11-04,31,0,11,0,8.0,15.0,17.428571428571427,0,494,45,0
2024-11-05,15,1,11,0,31.0,18.0,17.0,0,495,45,0
2024-11-06,17,2,11,0,15.0,20.0,16.571428571428573,0,496,45,0
2024-11-07,18,3,11,0,17.0,11.0,17.571428571428573,0,497,45,0
2024-11-08,20,4,11,0,18.0,19.0,17.714285714285715,1,498,45,0
2024-11-09,9,5,11,1,20.0,15.0,16.857142857142858,0,499,45,499
2024-11-10,6,6,11,1,9.0,8.0,16.571428571428573,0,500,45,500
2024-11-11,10,0,11,0,6.0,31.0,13.571428571428571,0,501,46,0
2024-11-12,7,1,11,0,10.0,15.0,12.428571428571429,0,502,46,0
2024-11-13,16,2,11,0,7.0,17.0,12.285714285714286,0,503,46,0
2024-11-14,25,3,11,0,16.0,18.0,13.285714285714286,0,504,46,0
2024-11-15,22,4,11,0,25.0,20.0,13.571428571428571,1,505,46,0
2024-11-16,22,5,11,1,22.0,9.0,15.428571428571429,0,506,46,506
2024-11-17,6,6,11,1,22.0,6.0,15.428571428571429,0,507,46,507
2024-11-18,19,0,11,0,6.0,10.0,16.714285714285715,0,508,47,0
2024-11-19,19,1,11,0,19.0,7.0,18.428571428571427,0,509,47,0
2024-11-20,23,2,11,0,19.0,16.0,19.428571428571427,0,510,47,0
2024-11-21,9,3,11,0,23.0,25.0,17.142857142857142,0,511,47,0
2024-11-22,17,4,11,0,9.0,22.0,16.428571428571427,1,512,47,0
2024-11-23,15,5,11,1,17.0,22.0,15.428571428571429,0,513,47,513
2024-11-24,10,6,11,1,15.0,6.0,16.0,0,514,47,514
2024-11-25,13,0,11,0,10.0,19.0,15.142857142857142,0,515,48,0
2024-11-26,15,1,11,0,13.0,19.0,14.571428571428571,0,516,48,0
2024-11-27,25,2,11,0,15.0,23.0,14.857142857142858,0,517,48,0
2024-11-28,30,3,11,0,25.0,9.0,17.857142857142858,0,518,48,0
2024-11-29,34,4,11,0,30.0,17.0,20.285714285714285,1,519,48,0
2024-11-30,15,5,11,1,34.0,15.0,20.285714285714285,0,520,48,520
2024-12-01,10,6,12,1,15.0,10.0,20.285714285714285,0,521,48,521
2024-12-02,26,0,12,0,10.0,13.0,22.142857142857142,0,522,49,0
2024-12-03,18,1,12,0,26.0,15.0,22.571428571428573,0,523,49,0
2024-12-04,18,2,12,0,18.0,25.0,21.571428571428573,0,524,49,0
2024-12-05,23,3,12,0,18.0,30.0,20.571428571428573,0,525,49,0
2024-12-06,19,4,12,0,23.0,34.0,18.428571428571427,1,526,49,0
2024-12-07,9,5,12,1,19.0,15.0,17.571428571428573,0,527,49,527
2024-12-08,8,6,12,1,9.0,10.0,17.285714285714285,0,528,49,528
2024-12-09,13,0,12,0,8.0,26.0,15.428571428571429,0,529,50,0
2024-12-10,23,1,12,0,13.0,18.0,16.142857142857142,0,530,50,0
2024-12-11,17,2,12,0,23.0,18.0,16.0,0,531,50,0
2024-12-12,24,3,12,0,17.0,23.0,16.142857142857142,0,532,50,0
2024-12-13,20,4,12,0,24.0,19.0,16.285714285714285,1,533,50,0
2024-12-14,20,5,12,1,20.0,9.0,17.857142857142858,0,534,50,534
2024-12-15,12,6,12,1,20.0,8.0,18.428571428571427,0,535,50,535
2024-12-16,41,0,12,0,12.0,13.0,22.428571428571427,0,536,51,0
2024-12-17,28,1,12,0,41.0,23.0,23.142857142857142,0,537,51,0
2024-12-18,44,2,12,0,28.0,17.0,27.0,0,538,51,0
2024-12-19,39,3,12,0,44.0,24.0,29.142857142857142,0,539,51,0
2024-12-20,41,4,12,0,39.0,20.0,32.142857142857146,1,540,51,0
2024-12-21,11,5,12,1,41.0,20.0,30.857142857142858,0,541,51,541
2024-12-22,7,6,12,1,11.0,12.0,30.142857142857142,0,542,51,542
2024-12-23,26,0,12,0,7.0,41.0,28.0,0,543,52,0
2024-12-24,15,1,12,0,26.0,28.0,26.142857142857142,0,544,52,0
2024-12-26,22,3,12,0,15.0,44.0,23.0,0,545,52,0
2024-12-27,35,4,12,0,22.0,39.0,22.428571428571427,1,546,52,0
2024-12-28,18,5,12,1,35.0,41.0,19.142857142857142,0,547,52,547
2024-12-29,9,6,12,1,18.0,11.0,18.857142857142858,0,548,52,548
2024-12-30,26,0,12,0,9.0,7.0,21.571428571428573,0,549,1,0
2024-12-31,15,1,12,0,26.0,26.0,20.0,0,550,1,0
2025-01-02,30,3,1,0,15.0,15.0,22.142857142857142,0,551,1,0
2025-01-03,24,4,1,0,30.0,22.0,22.428571428571427,1,552,1,0
2025-01-04,17,5,1,1,24.0,35.0,19.857142857142858,0,553,1,553
2025-01-05,11,6,1,1,17.0,18.0,18.857142857142858,0,554,1,554
2025-01-06,18,0,1,0,11.0,9.0,20.142857142857142,0,555,2,0
2025-01-07,15,1,1,0,18.0,26.0,18.571428571428573,0,556,2,0
2025-01-08,22,2,1,0,15.0,15.0,19.571428571428573,0,557,2,0
2025-01-09,23,3,1,0,22.0,30.0,18.571428571428573,0,558,2,0
2025-01-10,35,4,1,0,23.0,24.0,20.142857142857142,1,559,2,0
2025-01-11,26,5,1,1,35.0,17.0,21.428571428571427,0,560,2,560
2025-01-12,16,6,1,1,26.0,11.0,22.142857142857142,0,561,2,561
2025-01-13,24,0,1,0,16.0,18.0,23.0,0,562,3,0
2025-01-14,24,1,1,0,24.0,15.0,24.285714285714285,0,563,3,0
2025-01-15,30,2,1,0,24.0,22.0,25.428571428571427,0,564,3,0
2025-01-16,37,3,1,0,30.0,23.0,27.428571428571427,0,565,3,0
2025-01-17,30,4,1,0,37.0,35.0,26.714285714285715,1,566,3,0
2025-01-18,18,5,1,1,30.0,26.0,25.571428571428573,0,567,3,567
2025-01-19,11,6,1,1,18.0,16.0,24.857142857142858,0,568,3,568
2025-01-20,20,0,1,0,11.0,24.0,24.285714285714285,0,569,4,0
2025-01-21,16,1,1,0,20.0,24.0,23.142857142857142,0,570,4,0
2025-01-22,14,2,1,0,16.0,30.0,20.857142857142858,0,571,4,0
2025-01-23,21,3,1,0,14.0,37.0,18.571428571428573,0,572,4,0
2025-01-24,37,4,1,0,21.0,30.0,19.571428571428573,1,573,4,0
2025-01-25,19,5,1,1,37.0,18.0,19.714285714285715,0,574,4,574
2025-01-26,18,6,1,1,19.0,11.0,20.714285714285715,0,575,4,575
2025-01-27,29,0,1,0,18.0,20.0,22.0,0,576,5,0
2025-01-28,44,1,1,0,29.0,16.0,26.0,0,577,5,0
2025-01-29,43,2,1,0,44.0,14.0,30.142857142857142,0,578,5,0
2025-01-30,43,3,1,0,43.0,21.0,33.285714285714285,0,579,5,0
2025-01-31,51,4,1,0,43.0,37.0,35.285714285714285,1,580,5,0
2025-02-01,16,5,2,1,51.0,19.0,34.857142857142854,0,581,5,581
2025-02-02,16,6,2,1,16.0,18.0,34.57142857142857,0,582,5,582
2025-02-03,32,0,2,0,16.0,29.0,35.0,0,583,6,0
2025-02-04,28,1,2,0,32.0,44.0,32.714285714285715,0,584,6,0
2025-02-05,26,2,2,0,28.0,43.0,30.285714285714285,0,585,6,0
2025-02-06,29,3,2,0,26.0,43.0,28.285714285714285,0,586,6,0
2025-02-07,27,4,2,0,29.0,51.0,24.857142857142858,1,587,6,0
2025-02-08,14,5,2,1,27.0,16.0,24.571428571428573,0,588,6,588
2025-02-09,10,6,2,1,14.0,16.0,23.714285714285715,0,589,6,589
2025-02-10,25,0,2,0,10.0,32.0,22.714285714285715,0,590,7,0
2025-02-11,22,1,2,0,25.0,28.0,21.857142857142858,0,591,7,0
2025-02-12,18,2,2,0,22.0,26.0,20.714285714285715,0,592,7,0
2025-02-13,22,3,2,0,18.0,29.0,19.714285714285715,0,593,7,0
2025-02-14,26,4,2,0,22.0,27.0,19.571428571428573,1,594,7,0
2025-02-15,16,5,2,1,26.0,14.0,19.857142857142858,0,595,7,595
2025-02-16,11,6,2,1,16.0,10.0,20.0,0,596,7,596
2025-02-17,32,0,2,0,11.0,25.0,21.0,0,597,8,0
2025-02-18,41,1,2,0,32.0,22.0,23.714285714285715,0,598,8,0
2025-02-19,38,2,2,0,41.0,18.0,26.571428571428573,0,599,8,0
2025-02-20,38,3,2,0,38.0,22.0,28.857142857142858,0,600,8,0
2025-02-21,32,4,2,0,38.0,26.0,29.714285714285715,1,601,8,0
2025-02-22,15,5,2,1,32.0,16.0,29.571428571428573,0,602,8,602
2025-02-23,13,6,2,1,15.0,11.0,29.857142857142858,0,603,8,603
2025-02-24,21,0,2,0,13.0,32.0,28.285714285714285,0,604,9,0
2025-02-25,28,1,2,0,21.0,41.0,26.428571428571427,0,605,9,0
2025-02-26,27,2,2,0,28.0,38.0,24.857142857142858,0,606,9,0
2025-02-27,30,3,2,0,27.0,38.0,23.714285714285715,0,607,9,0
2025-02-28,28,4,2,0,30.0,32.0,23.142857142857142,1,608,9,0
2025-03-01,20,5,3,1,28.0,15.0,23.857142857142858,0,609,9,609
2025-03-02,15,6,3,1,20.0,13.0,24.142857142857142,0,610,9,610
2025-03-03,12,0,3,0,15.0,21.0,22.857142857142858,0,611,10,0
2025-03-04,15,1,3,0,12.0,28.0,21.0,0,612,10,0
2025-03-05,14,2,3,0,15.0,27.0,19.142857142857142,0,613,10,0
2025-03-06,25,3,3,0,14.0,30.0,18.428571428571427,0,614,10,0
2025-03-07,19,4,3,0,25.0,28.0,17.142857142857142,1,615,10,0
2025-03-08,12,5,3,1,19.0,20.0,16.0,0,616,10,616
2025-03-09,26,6,3,1,12.0,15.0,17.571428571428573,0,617,10,617
2025-03-10,23,0,3,0,26.0,12.0,19.142857142857142,0,618,11,0
2025-03-11,22,1,3,0,23.0,15.0,20.142857142857142,0,619,11,0
2025-03-12,34,2,3,0,22.0,14.0,23.0,0,620,11,0
2025-03-13,32,3,3,0,34.0,25.0,24.0,0,621,11,0
2025-03-14,10,4,3,0,32.0,19.0,22.714285714285715,1,622,11,0
2025-03-15,25,5,3,1,10.0,12.0,24.571428571428573,0,623,11,623
2025-03-16,12,6,3,1,25.0,26.0,22.571428571428573,0,624,11,624
2025-03-17,16,0,3,0,12.0,23.0,21.571428571428573,0,625,12,0
2025-03-18,12,1,3,0,16.0,22.0,20.142857142857142,0,626,12,0
2025-03-19,15,2,3,0,12.0,34.0,17.428571428571427,0,627,12,0
2025-03-20,8,3,3,0,15.0,32.0,14.0,0,628,12,0
2025-03-21,26,4,3,0,8.0,10.0,16.285714285714285,1,629,12,0
2025-03-22,15,5,3,1,26.0,25.0,14.857142857142858,0,630,12,630
2025-03-23,21,6,3,1,15.0,12.0,16.142857142857142,0,631,12,631
2025-03-24,27,0,3,0,21.0,16.0,17.714285714285715,0,632,13,0
2025-03-25,40,1,3,0,27.0,12.0,21.714285714285715,0,633,13,0
2025-03-26,39,2,3,0,40.0,15.0,25.142857142857142,0,634,13,0
2025-03-27,40,3,3,0,39.0,8.0,29.714285714285715,0,635,13,0
2025-03-28,32,4,3,0,40.0,26.0,30.571428571428573,1,636,13,0
2025-03-29,30,5,3,1,32.0,15.0,32.714285714285715,0,637,13,637
2025-03-30,17,6,3,1,30.0,21.0,32.142857142857146,0,638,13,638
2025-03-31,14,0,3,0,17.0,27.0,30.285714285714285,0,639,14,0
2025-04-01,26,1,4,0,14.0,40.0,28.285714285714285,0,640,14,0
2025-04-02,32,2,4,0,26.0,39.0,27.285714285714285,0,641,14,0
2025-04-03,30,3,4,0,32.0,40.0,25.857142857142858,0,642,14,0
2025-04-04,31,4,4,0,30.0,32.0,25.714285714285715,1,643,14,0
2025-04-05,32,5,4,1,31.0,30.0,26.0,0,644,14,644
2025-04-06,38,6,4,1,32.0,17.0,29.0,0,645,14,645
2025-04-07,48,0,4,0,38.0,14.0,33.857142857142854,0,646,15,0
2025-04-08,58,1,4,0,48.0,26.0,38.42857142857143,0,647,15,0
2025-04-09,44,2,4,0,58.0,32.0,40.142857142857146,0,648,15,0
2025-04-10,51,3,4,0,44.0,30.0,43.142857142857146,0,649,15,0
2025-04-11,34,4,4,0,51.0,31.0,43.57142857142857,1,650,15,0
2025-04-12,37,5,4,1,34.0,32.0,44.285714285714285,0,651,15,651
2025-04-13,27,6,4,1,37.0,38.0,42.714285714285715,0,652,15,652
2025-04-14,17,0,4,0,27.0,48.0,38.285714285714285,0,653,16,0
2025-04-15,16,1,4,0,17.0,58.0,32.285714285714285,0,654,16,0
2025-04-16,21,2,4,0,16.0,44.0,29.0,0,655,16,0
2025-04-17,23,3,4,0,21.0,51.0,25.0,0,656,16,0
2025-04-18,28,4,4,0,23.0,34.0,24.142857142857142,1,657,16,0
2025-04-19,19,5,4,1,28.0,37.0,21.571428571428573,0,658,16,658
2025-04-20,23,6,4,1,19.0,27.0,21.0,0,659,16,659
2025-04-21,14,0,4,0,23.0,17.0,20.571428571428573,0,660,17,0
2025-04-22,19,1,4,0,14.0,16.0,21.0,0,661,17,0
2025-04-23,30,2,4,0,19.0,21.0,22.285714285714285,0,662,17,0
2025-04-24,34,3,4,0,30.0,23.0,23.857142857142858,0,663,17,0
2025-04-25,32,4,4,0,34.0,28.0,24.428571428571427,1,664,17,0
2025-04-26,31,5,4,1,32.0,19.0,26.142857142857142,0,665,17,665
2025-04-27,27,6,4,1,31.0,23.0,26.714285714285715,0,666,17,666
2025-04-28,27,0,4,0,27.0,14.0,28.571428571428573,0,667,18,0
2025-04-29,25,1,4,0,27.0,19.0,29.428571428571427,0,668,18,0
2025-04-30,23,2,4,0,25.0,30.0,28.428571428571427,0,669,18,0
2025-05-01,33,3,5,0,23.0,34.0,28.285714285714285,0,670,18,0
2025-05-02,28,4,5,0,33.0,32.0,27.714285714285715,1,671,18,0
2025-05-03,28,5,5,1,28.0,31.0,27.285714285714285,0,672,18,672
2025-05-04,33,6,5,1,28.0,27.0,28.142857142857142,0,673,18,673
2025-05-05,25,0,5,0,33.0,27.0,27.857142857142858,0,674,19,0
2025-05-06,13,1,5,0,25.0,25.0,26.142857142857142,0,675,19,0
2025-05-07,19,2,5,0,13.0,23.0,25.571428571428573,0,676,19,0
2025-05-08,28,3,5,0,19.0,33.0,24.857142857142858,0,677,19,0
2025-05-09,33,4,5,0,28.0,28.0,25.571428571428573,1,678,19,0
2025-05-10,32,5,5,1,33.0,28.0,26.142857142857142,0,679,19,679
2025-05-11,26,6,5,1,32.0,33.0,25.142857142857142,0,680,19,680
2025-05-12,21,0,5,0,26.0,25.0,24.571428571428573,0,681,20,0
2025-05-13,22,1,5,0,21.0,13.0,25.857142857142858,0,682,20,0
2025-05-14,29,2,5,0,22.0,19.0,27.285714285714285,0,683,20,0
2025-05-15,25,3,5,0,29.0,28.0,26.857142857142858,0,684,20,0
2025-05-16,38,4,5,0,25.0,33.0,27.571428571428573,1,685,20,0
2025-05-17,20,5,5,1,38.0,32.0,25.857142857142858,0,686,20,686
2025-05-18,25,6,5,1,20.0,26.0,25.714285714285715,0,687,20,687
2025-05-19,20,0,5,0,25.0,21.0,25.571428571428573,0,688,21,0
2025-05-20,19,1,5,0,20.0,22.0,25.142857142857142,0,689,21,0
2025-05-21,26,2,5,0,19.0,29.0,24.714285714285715,0,690,21,0
2025-05-22,23,3,5,0,26.0,25.0,24.428571428571427,0,691,21,0
2025-05-23,20,4,5,0,23.0,38.0,21.857142857142858,1,692,21,0
2025-05-24,26,5,5,1,20.0,20.0,22.714285714285715,0,693,21,693
2025-05-25,18,6,5,1,26.0,25.0,21.714285714285715,0,694,21,694
2025-05-26,35,0,5,0,18.0,20.0,23.857142857142858,0,695,22,0
2025-05-27,44,1,5,0,35.0,19.0,27.428571428571427,0,696,22,0
2025-05-28,41,2,5,0,44.0,26.0,29.571428571428573,0,697,22,0
2025-05-29,36,3,5,0,41.0,23.0,31.428571428571427,0,698,22,0
2025-05-30,46,4,5,0,36.0,20.0,35.142857142857146,1,699,22,0
2025-05-31,24,5,5,1,46.0,26.0,34.857142857142854,0,700,22,700
2025-06-01,26,6,6,1,24.0,18.0,36.0,0,701,22,701
2025-06-02,54,0,6,0,26.0,35.0,38.714285714285715,0,702,23,0
2025-06-03,34,1,6,0,54.0,44.0,37.285714285714285,0,703,23,0
2025-06-04,36,2,6,0,34.0,41.0,36.57142857142857,0,704,23,0
2025-06-05,33,3,6,0,36.0,36.0,36.142857142857146,0,705,23,0
2025-06-06,46,4,6,0,33.0,46.0,36.142857142857146,1,706,23,0
2025-06-07,30,5,6,1,46.0,24.0,37.0,0,707,23,707
2025-06-08,20,6,6,1,30.0,26.0,36.142857142857146,0,708,23,708
2025-06-09,33,0,6,0,20.0,54.0,33.142857142857146,0,709,24,0
2025-06-10,20,1,6,0,33.0,34.0,31.142857142857142,0,710,24,0
2025-06-11,26,2,6,0,20.0,36.0,29.714285714285715,0,711,24,0
2025-06-12,28,3,6,0,26.0,33.0,29.0,0,712,24,0
2025-06-13,53,4,6,0,28.0,46.0,30.0,1,713,24,0
2025-06-14,20,5,6,1,53.0,30.0,28.571428571428573,0,714,24,714
2025-06-15,20,6,6,1,20.0,20.0,28.571428571428573,0,715,24,715
2025-06-16,28,0,6,0,20.0,33.0,27.857142857142858,0,716,25,0
2025-06-17,38,1,6,0,28.0,20.0,30.428571428571427,0,717,25,0
2025-06-18,46,2,6,0,38.0,26.0,33.285714285714285,0,718,25,0
2025-06-19,33,3,6,0,46.0,28.0,34.0,0,719,25,0
2025-06-20,31,4,6,0,33.0,53.0,30.857142857142858,1,720,25,0
2025-06-21,19,5,6,1,31.0,20.0,30.714285714285715,0,721,25,721
2025-06-22,12,6,6,1,19.0,20.0,29.571428571428573,0,722,25,722
2025-06-23,24,0,6,0,12.0,28.0,29.0,0,723,26,0
2025-06-24,21,1,6,0,24.0,38.0,26.571428571428573,0,724,26,0
2025-06-25,27,2,6,0,21.0,46.0,23.857142857142858,0,725,26,0
2025-06-26,28,3,6,0,27.0,33.0,23.142857142857142,0,726,26,0
2025-06-27,33,4,6,0,28.0,31.0,23.428571428571427,1,727,26,0
2025-06-28,18,5,6,1,33.0,19.0,23.285714285714285,0,728,26,728
2025-06-29,20,6,6,1,18.0,12.0,24.428571428571427,0,729,26,729
2025-06-30,24,0,6,0,20.0,24.0,24.428571428571427,0,730,27,0
2025-07-01,17,1,7,0,24.0,21.0,23.857142857142858,0,731,27,0
2025-07-02,25,2,7,0,17.0,27.0,23.571428571428573,0,732,27,0
2025-07-03,20,3,7,0,25.0,28.0,22.428571428571427,0,733,27,0
2025-07-04,29,4,7,0,20.0,33.0,21.857142857142858,1,734,27,0
2025-07-05,17,5,7,1,29.0,18.0,21.714285714285715,0,735,27,735
2025-07-06,15,6,7,1,17.0,20.0,21.0,0,736,27,736
2025-07-07,27,0,7,0,15.0,24.0,21.428571428571427,0,737,28,0
2025-07-08,16,1,7,0,27.0,17.0,21.285714285714285,0,738,28,0
2025-07-09,15,2,7,0,16.0,25.0,19.857142857142858,0,739,28,0
2025-07-10,27,3,7,0,15.0,20.0,20.857142857142858,0,740,28,0
2025-07-11,22,4,7,0,27.0,29.0,19.857142857142858,1,741,28,0
2025-07-12,20,5,7,1,22.0,17.0,20.285714285714285,0,742,28,742
2025-07-13,14,6,7,1,20.0,15.0,20.142857142857142,0,743,28,743
2025-07-14,19,0,7,0,14.0,27.0,19.0,0,744,29,0
2025-07-15,20,1,7,0,19.0,16.0,19.571428571428573,0,745,29,0
2025-07-16,26,2,7,0,20.0,15.0,21.142857142857142,0,746,29,0
2025-07-17,30,3,7,0,26.0,27.0,21.571428571428573,0,747,29,0
2025-07-18,35,4,7,0,30.0,22.0,23.428571428571427,1,748,29,0
2025-07-19,29,5,7,1,35.0,20.0,24.714285714285715,0,749,29,749
2025-07-20,14,6,7,1,29.0,14.0,24.714285714285715,0,750,29,750
2025-07-21,41,0,7,0,14.0,19.0,27.857142857142858,0,751,30,0
2025-07-22,29,1,7,0,41.0,20.0,29.142857142857142,0,752,30,0
2025-07-23,35,2,7,0,29.0,26.0,30.428571428571427,0,753,30,0
2025-07-24,52,3,7,0,35.0,30.0,33.57142857142857,0,754,30,0
2025-07-25,51,4,7,0,52.0,35.0,35.857142857142854,1,755,30,0
2025-07-26,11,5,7,1,51.0,29.0,33.285714285714285,0,756,30,756
2025-07-27,15,6,7,1,11.0,14.0,33.42857142857143,0,757,30,757
2025-07-28,20,0,7,0,15.0,41.0,30.428571428571427,0,758,31,0
2025-07-29,16,1,7,0,20.0,29.0,28.571428571428573,0,759,31,0
2025-07-30,36,2,7,0,16.0,35.0,28.714285714285715,0,760,31,0
2025-07-31,18,3,7,0,36.0,52.0,23.857142857142858,0,761,31,0
2025-08-01,38,4,8,0,18.0,51.0,22.0,1,762,31,0
2025-08-02,19,5,8,1,38.0,11.0,23.142857142857142,0,763,31,763
2025-08-03,32,6,8,1,19.0,15.0,25.571428571428573,0,764,31,764
2025-08-04,24,0,8,0,32.0,20.0,26.142857142857142,0,765,32,0
2025-08-05,27,1,8,0,24.0,16.0,27.714285714285715,0,766,32,0
2025-08-06,22,2,8,0,27.0,36.0,25.714285714285715,0,767,32,0
2025-08-07,14,3,8,0,22.0,18.0,25.142857142857142,0,768,32,0
2025-08-08,20,4,8,0,14.0,38.0,22.571428571428573,1,769,32,0
2025-08-09,17,5,8,1,20.0,19.0,22.285714285714285,0,770,32,770
2025-08-10,16,6,8,1,17.0,32.0,20.0,0,771,32,771
2025-08-11,39,0,8,0,16.0,24.0,22.142857142857142,0,772,33,0
2025-08-12,39,1,8,0,39.0,27.0,23.857142857142858,0,773,33,0
2025-08-13,33,2,8,0,39.0,22.0,25.428571428571427,0,774,33,0
2025-08-14,33,3,8,0,33.0,14.0,28.142857142857142,0,775,33,0
2025-08-15,36,4,8,0,33.0,20.0,30.428571428571427,1,776,33,0
2025-08-16,21,5,8,1,36.0,17.0,31.0,0,777,33,777
2025-08-17,16,6,8,1,21.0,16.0,31.0,0,778,33,778
2025-08-18,19,0,8,0,16.0,39.0,28.142857142857142,0,779,34,0
2025-08-19,25,1,8,0,19.0,39.0,26.142857142857142,0,780,34,0
2025-08-20,14,2,8,0,25.0,33.0,23.428571428571427,0,781,34,0
2025-08-21,17,3,8,0,14.0,33.0,21.142857142857142,0,782,34,0
2025-08-22,28,4,8,0,17.0,36.0,20.0,1,783,34,0
2025-08-23,28,5,8,1,28.0,21.0,21.0,0,784,34,784
2025-08-24,20,6,8,1,28.0,16.0,21.571428571428573,0,785,34,785
2025-08-25,32,0,8,0,20.0,19.0,23.428571428571427,0,786,35,0
2025-08-26,38,1,8,0,32.0,25.0,25.285714285714285,0,787,35,0
2025-08-27,33,2,8,0,38.0,14.0,28.0,0,788,35,0
2025-08-28,35,3,8,0,33.0,17.0,30.571428571428573,0,789,35,0
2025-08-29,35,4,8,0,35.0,28.0,31.571428571428573,1,790,35,0
2025-08-30,26,5,8,1,35.0,28.0,31.285714285714285,0,791,35,791
2025-08-31,16,6,8,1,26.0,20.0,30.714285714285715,0,792,35,792
2025-09-01,13,0,9,0,16.0,32.0,28.0,0,793,36,0
2025-09-02,33,1,9,0,13.0,38.0,27.285714285714285,0,794,36,0
2025-09-03,34,2,9,0,33.0,33.0,27.428571428571427,0,795,36,0
2025-09-04,28,3,9,0,34.0,35.0,26.428571428571427,0,796,36,0
2025-09-05,34,4,9,0,28.0,35.0,26.285714285714285,1,797,36,0
2025-09-06,22,5,9,1,34.0,26.0,25.714285714285715,0,798,36,798
2025-09-07,17,6,9,1,22.0,16.0,25.857142857142858,0,799,36,799
2025-09-08,19,0,9,0,17.0,13.0,26.714285714285715,0,800,37,0
2025-09-09,28,1,9,0,19.0,33.0,26.0,0,801,37,0
2025-09-10,19,2,9,0,28.0,34.0,23.857142857142858,0,802,37,0
2025-09-11,18,3,9,0,19.0,28.0,22.428571428571427,0,803,37,0
2025-09-12,31,4,9,0,18.0,34.0,22.0,1,804,37,0
2025-09-13,25,5,9,1,31.0,22.0,22.428571428571427,0,805,37,805
2025-09-14,27,6,9,1,25.0,17.0,23.857142857142858,0,806,37,806
2025-09-15,18,0,9,0,27.0,19.0,23.714285714285715,0,807,38,0
2025-09-16,44,1,9,0,18.0,28.0,26.0,0,808,38,0
2025-09-17,57,2,9,0,44.0,19.0,31.428571428571427,0,809,38,0
2025-09-18,43,3,9,0,57.0,18.0,35.0,0,810,38,0
2025-09-19,47,4,9,0,43.0,31.0,37.285714285714285,1,811,38,0
2025-09-20,36,5,9,1,47.0,25.0,38.857142857142854,0,812,38,812
2025-09-21,43,6,9,1,36.0,27.0,41.142857142857146,0,813,38,813
2025-09-22,29,0,9,0,43.0,18.0,42.714285714285715,0,814,39,0
2025-09-23,38,1,9,0,29.0,44.0,41.857142857142854,0,815,39,0
2025-09-24,38,2,9,0,38.0,57.0,39.142857142857146,0,816,39,0
2025-09-25,40,3,9,0,38.0,43.0,38.714285714285715,0,817,39,0
2025-09-26,50,4,9,0,40.0,47.0,39.142857142857146,1,818,39,0
2025-09-27,25,5,9,1,50.0,36.0,37.57142857142857,0,819,39,819
2025-09-28,31,6,9,1,25.0,43.0,35.857142857142854,0,820,39,820
2025-09-29,30,0,9,0,31.0,29.0,36.0,0,821,40,0
2025-09-30,31,1,9,0,30.0,38.0,35.0,0,822,40,0
2025-10-01,31,2,10,0,31.0,38.0,34.0,0,823,40,0
2025-10-02,24,3,10,0,31.0,40.0,31.714285714285715,0,824,40,0
2025-10-03,19,4,10,0,24.0,50.0,27.285714285714285,1,825,40,0
2025-10-04,27,5,10,1,19.0,25.0,27.571428571428573,0,826,40,826
2025-10-05,28,6,10,1,27.0,31.0,27.142857142857142,0,827,40,827
2025-10-06,36,0,10,0,28.0,30.0,28.0,0,828,41,0
2025-10-07,25,1,10,0,36.0,31.0,27.142857142857142,0,829,41,0
2025-10-08,25,2,10,0,25.0,31.0,26.285714285714285,0,830,41,0
2025-10-09,26,3,10,0,25.0,24.0,26.571428571428573,0,831,41,0
2025-10-10,33,4,10,0,26.0,19.0,28.571428571428573,1,832,41,0
2025-10-11,24,5,10,1,33.0,27.0,28.142857142857142,0,833,41,833
2025-10-12,19,6,10,1,24.0,28.0,26.857142857142858,0,834,41,834
2025-10-13,13,0,10,0,19.0,36.0,23.571428571428573,0,835,42,0
2025-10-14,16,1,10,0,13.0,25.0,22.285714285714285,0,836,42,0
2025-10-15,22,2,10,0,16.0,25.0,21.857142857142858,0,837,42,0
2025-10-16,38,3,10,0,22.0,26.0,23.571428571428573,0,838,42,0
2025-10-17,25,4,10,0,38.0,33.0,22.428571428571427,1,839,42,0
2025-10-18,14,5,10,1,25.0,24.0,21.0,0,840,42,840
2025-10-19,13,6,10,1,14.0,19.0,20.142857142857142,0,841,42,841
2025-10-20,19,0,10,0,13.0,13.0,21.0,0,842,43,0
2025-10-21,11,1,10,0,19.0,16.0,20.285714285714285,0,843,43,0
2025-10-22,14,2,10,0,11.0,22.0,19.142857142857142,0,844,43,0
2025-10-23,22,3,10,0,14.0,38.0,16.857142857142858,0,845,43,0
2025-10-24,21,4,10,0,22.0,25.0,16.285714285714285,1,846,43,0
2025-10-25,26,5,10,1,21.0,14.0,18.0,0,847,43,847
2025-10-26,40,6,10,1,26.0,13.0,21.857142857142858,0,848,43,848
2025-10-27,15,0,10,0,40.0,19.0,21.285714285714285,0,849,44,0
2025-10-28,12,1,10,0,15.0,11.0,21.428571428571427,0,850,44,0
2025-10-29,17,2,10,0,12.0,14.0,21.857142857142858,0,851,44,0
2025-10-30,18,3,10,0,17.0,22.0,21.285714285714285,0,852,44,0
2025-10-31,32,4,10,0,18.0,21.0,22.857142857142858,1,853,44,0
2025-11-01,17,5,11,1,32.0,26.0,21.571428571428573,0,854,44,854
2025-11-02,12,6,11,1,17.0,40.0,17.571428571428573,0,855,44,855
2025-11-03,6,0,11,0,12.0,15.0,16.285714285714285,0,856,45,0
2025-11-04,8,1,11,0,6.0,12.0,15.714285714285714,0,857,45,0
2025-11-05,18,2,11,0,8.0,17.0,15.857142857142858,0,858,45,0
2025-11-06,16,3,11,0,18.0,18.0,15.571428571428571,0,859,45,0
2025-11-07,19,4,11,0,16.0,32.0,13.714285714285714,1,860,45,0
2025-11-08,15,5,11,1,19.0,17.0,13.428571428571429,0,861,45,861
2025-11-09,14,6,11,1,15.0,12.0,13.714285714285714,0,862,45,862
2025-11-10,20,0,11,0,14.0,6.0,15.714285714285714,0,863,46,0
2025-11-11,10,1,11,0,20.0,8.0,16.0,0,864,46,0
2025-11-12,17,2,11,0,10.0,18.0,15.857142857142858,0,865,46,0
2025-11-13,16,3,11,0,17.0,16.0,15.857142857142858,0,866,46,0
2025-11-14,18,4,11,0,16.0,19.0,15.714285714285714,1,867,46,0
2025-11-15,15,5,11,1,18.0,15.0,15.714285714285714,0,868,46,868
2025-11-16,15,6,11,1,15.0,14.0,15.857142857142858,0,869,46,869
2025-11-17,26,0,11,0,15.0,20.0,16.714285714285715,0,870,47,0
2025-11-18,33,1,11,0,26.0,10.0,20.0,0,871,47,0
2025-11-19,25,2,11,0,33.0,17.0,21.142857142857142,0,872,47,0
2025-11-20,35,3,11,0,25.0,16.0,23.857142857142858,0,873,47,0
2025-11-21,30,4,11,0,35.0,18.0,25.571428571428573,1,874,47,0
2025-11-22,22,5,11,1,30.0,15.0,26.571428571428573,0,875,47,875
2025-11-23,21,6,11,1,22.0,15.0,27.428571428571427,0,876,47,876
2025-11-24,18,0,11,0,21.0,26.0,26.285714285714285,0,877,48,0
2025-11-25,17,1,11,0,18.0,33.0,24.0,0,878,48,0
2025-11-26,13,2,11,0,17.0,25.0,22.285714285714285,0,879,48,0
2025-11-27,29,3,11,0,13.0,35.0,21.428571428571427,0,880,48,0
2025-11-28,19,4,11,0,29.0,30.0,19.857142857142858,1,881,48,0
2025-11-29,24,5,11,1,19.0,22.0,20.142857142857142,0,882,48,882
2025-11-30,17,6,11,1,24.0,21.0,19.571428571428573,0,883,48,883
2025-12-01,20,0,12,0,17.0,18.0,19.857142857142858,0,884,49,0
2025-12-02,16,1,12,0,20.0,17.0,19.714285714285715,0,885,49,0
2025-12-03,19,2,12,0,16.0,13.0,20.571428571428573,0,886,49,0
2025-12-04,21,3,12,0,19.0,29.0,19.428571428571427,0,887,49,0
2025-12-05,28,4,12,0,21.0,19.0,20.714285714285715,1,888,49,0
2025-12-06,13,5,12,1,28.0,24.0,19.142857142857142,0,889,49,889
2025-12-07,17,6,12,1,13.0,17.0,19.142857142857142,0,890,49,890
2025-12-08,20,0,12,0,17.0,20.0,19.142857142857142,0,891,50,0
2025-12-09,22,1,12,0,20.0,16.0,20.0,0,892,50,0
2025-12-10,11,2,12,0,22.0,19.0,18.857142857142858,0,893,50,0
2025-12-11,28,3,12,0,11.0,21.0,19.857142857142858,0,894,50,0
2025-12-12,33,4,12,0,28.0,28.0,20.571428571428573,1,895,50,0
2025-12-13,12,5,12,1,33.0,13.0,20.428571428571427,0,896,50,896
2025-12-14,18,6,12,1,12.0,17.0,20.571428571428573,0,897,50,897
2025-12-15,38,0,12,0,18.0,20.0,23.142857142857142,0,898,51,0
2025-12-16,43,1,12,0,38.0,22.0,26.142857142857142,0,899,51,0
2025-12-17,19,2,12,0,43.0,11.0,27.285714285714285,0,900,51,0
2025-12-18,37,3,12,0,19.0,28.0,28.571428571428573,0,901,51,0
2025-12-19,49,4,12,0,37.0,33.0,30.857142857142858,1,902,51,0
2025-12-20,22,5,12,1,49.0,12.0,32.285714285714285,0,903,51,903
2025-12-21,17,6,12,1,22.0,18.0,32.142857142857146,0,904,51,904
2025-12-22,22,0,12,0,17.0,38.0,29.857142857142858,0,905,52,0
2025-12-23,14,1,12,0,22.0,43.0,25.714285714285715,0,906,52,0
2025-12-24,11,2,12,0,14.0,19.0,24.571428571428573,0,907,52,0
2025-12-25,12,3,12,0,11.0,37.0,21.0,0,908,52,0
2025-12-26,19,4,12,0,12.0,49.0,16.714285714285715,1,909,52,0
2025-12-27,23,5,12,1,19.0,22.0,16.857142857142858,0,910,52,910
2025-12-28,13,6,12,1,23.0,17.0,16.285714285714285,0,911,52,911
2025-12-29,14,0,12,0,13.0,22.0,15.142857142857142,0,912,1,0
2025-12-30,26,1,12,0,14.0,14.0,16.857142857142858,0,913,1,0
2025-12-31,7,2,12,0,26.0,11.0,16.285714285714285,0,914,1,0
